IdSerie,NumStagione,NumEpisodi,AnnoStagione,idStagione
80057918,1,13,Anno di uscita: 2016,1
80057918,2,18,Anno di uscita: 2016,2
80057918,3,26,Anno di uscita: 2017,3
80057918,4,10,Anno di uscita: 2019,4
80057918,5,16,Anno di uscita: 2020,5
80057918,6,10,Anno di uscita: 2021,6
70153404,1,24,Anno di uscita: 1994,7
70153404,2,24,Anno di uscita: 1995,8
70153404,3,25,Anno di uscita: 1996,9
70153404,4,24,Anno di uscita: 1997,10
70153404,5,24,Anno di uscita: 1998,11
70153404,6,25,Anno di uscita: 1999,12
70153404,7,24,Anno di uscita: 2000,13
70153404,8,24,Anno di uscita: 2001,14
70153404,9,24,Anno di uscita: 2002,15
70153404,10,17,Anno di uscita: 2003,16
80232926,1,6,Anno di uscita: 2020,17
80232926,2,6,Anno di uscita: 2021,18
80154285,1,10,Anno di uscita: 2016,19
80154285,2,10,Anno di uscita: 2017,20
80154285,3,10,Anno di uscita: 2018,21
81221380,1,8,Anno di uscita: 2021,22
80244953,1,8,Anno di uscita: 2021,23
80241855,1,8,Anno di uscita: 2018,24
80241855,2,8,Anno di uscita: 2020,25
80002479,1,6,Anno di uscita: 2013,26
80002479,2,6,Anno di uscita: 2014,27
80002479,3,6,Anno di uscita: 2016,28
80002479,4,6,Anno di uscita: 2017,29
80002479,5,6,Anno di uscita: 2018,30
70143836,1,7,Anno di uscita: 2008,31
70143836,2,13,Anno di uscita: 2009,32
70143836,3,13,Anno di uscita: 2010,33
70143836,4,13,Anno di uscita: 2011,34
70143836,5,16,Anno di uscita: 2012,35
80174608,1,8,Anno di uscita: 2021,36
80174608,2,18,Anno di uscita: 2019,37
80057281,1,8,Anno di uscita: 2016,38
80057281,2,9,Anno di uscita: 2017,39
80057281,3,8,Anno di uscita: 2019,40
70301870,1,9,Anno di uscita: 2013,41
70301870,2,10,Anno di uscita: 2014,42
70301870,3,10,Anno di uscita: 2015,43
70301870,4,20,Anno di uscita: 2016,44
70301870,5,20,Anno di uscita: 2017,45
70301870,6,20,Anno di uscita: 2019,46
80192098,1,13,Anno di uscita: 2017,47
80192098,2,9,Anno di uscita: 2017,48
80192098,3,8,Anno di uscita: 2019,49
80192098,4,8,Anno di uscita: 2020,50
80192098,5,10,Anno di uscita: 2021,51
80049714,1,10,Anno di uscita: 2015,52
80049714,2,10,Anno di uscita: 2017,53
80049714,3,5,Anno di uscita: 2021,54
70299043,1,25,Anno di uscita: 2013,55
70299043,2,12,Anno di uscita: 2017,56
70299043,3,12,Anno di uscita: 2018,57
70299043,4,10,Anno di uscita: 2019,58
70299043,5,16,Anno di uscita: 2020,59
70281562,1,22,Anno di uscita: 2013,60
70281562,2,23,Anno di uscita: 2014,61
70281562,3,23,Anno di uscita: 2015,62
70281562,4,22,Anno di uscita: 2016,63
70281562,5,22,Anno di uscita: 2017,64
70281562,6,18,Anno di uscita: 2019,65
70281562,7,13,Anno di uscita: 2020,66
80021955,1,10,Anno di uscita: 2015,67
80021955,2,10,Anno di uscita: 2016,68
80021955,3,10,Anno di uscita: 2017,69
80021955,4,10,Anno di uscita: 2018,70
80021955,5,10,Anno di uscita: 2020,71
80021955,6,5,Anno di uscita: 2022,72
80241181,1,22,Anno di uscita: 2018,73
80241181,2,18,Anno di uscita: 2019,74
80025678,1,10,Anno di uscita: 2016,75
80025678,2,10,Anno di uscita: 2017,76
80025678,3,10,Anno di uscita: 2019,77
80025678,4,10,Anno di uscita: 2020,78
80095241,1,4,Anno di uscita: 2017,79
80095241,2,8,Anno di uscita: 2018,80
80095241,3,10,Anno di uscita: 2020,81
80095241,4,10,Anno di uscita: 2021,82
70264888,1,3,Anno di uscita: 2019,83
70264888,2,6,Anno di uscita: 2017,84
70264888,3,6,Anno di uscita: 2016,85
70264888,4,4,Anno di uscita: 2013,86
70264888,5,3,Anno di uscita: 2011,87
70283264,1,13,Anno di uscita: 2014,88
70283264,2,16,Anno di uscita: 2014,89
70283264,3,16,Anno di uscita: 2016,90
70283264,4,13,Anno di uscita: 2017,91
70283264,5,13,Anno di uscita: 2018,92
70283264,6,13,Anno di uscita: 2019,93
70283264,7,16,Anno di uscita: 2020,94
80117552,1,10,Anno di uscita: 2017,95
80117552,2,10,Anno di uscita: 2018,96
80117552,3,10,Anno di uscita: 2020,97
80117552,4,14,Anno di uscita: 2022,98
81002370,1,10,Anno di uscita: 2018,99
81002370,2,10,Anno di uscita: 2019,100
81002370,3,10,Anno di uscita: 2021,101
81002370,4,10,Anno di uscita: 2021,102
70143860,1,22,Anno di uscita: 2009,103
70143860,2,22,Anno di uscita: 2010,104
70143860,3,22,Anno di uscita: 2011,105
70143860,4,23,Anno di uscita: 2012,106
70143860,5,22,Anno di uscita: 2013,107
70143860,6,22,Anno di uscita: 2014,108
70143860,7,22,Anno di uscita: 2015,109
70143860,8,16,Anno di uscita: 2016,110
80074249,1,10,Anno di uscita: 2015,111
80074249,2,10,Anno di uscita: 2017,112
80074249,3,10,Anno di uscita: 2018,113
80074249,4,10,Anno di uscita: 2020,114
80074249,5,10,Anno di uscita: 2022,115
80189685,1,8,Anno di uscita: 2019,116
80189685,2,8,Anno di uscita: 2021,117
80014749,1,11,Anno di uscita: 2013,118
80014749,2,10,Anno di uscita: 2015,119
80014749,3,10,Anno di uscita: 2017,120
80014749,4,10,Anno di uscita: 2019,121
80014749,5,10,Anno di uscita: 2021,122
70155589,1,25,Anno di uscita: 2009,123
70155589,2,23,Anno di uscita: 2010,124
70155589,3,22,Anno di uscita: 2011,125
70155589,4,13,Anno di uscita: 2013,126
70155589,5,13,Anno di uscita: 2014,127
70155589,6,13,Anno di uscita: 2015,128
80176085,1,10,Anno di uscita: 2017,129
80176085,2,10,Anno di uscita: 2018,130
80176085,3,10,Anno di uscita: 2019,131
80176085,4,16,Anno di uscita: 2020,132
80232398,1,8,Anno di uscita: 2020,133
80232398,2,8,Anno di uscita: 2022,134
70195800,1,12,Anno di uscita: 2011,135
70195800,2,16,Anno di uscita: 2012,136
70195800,3,16,Anno di uscita: 2013,137
70195800,4,16,Anno di uscita: 2014,138
70195800,5,16,Anno di uscita: 2015,139
70195800,6,16,Anno di uscita: 2016,140
70195800,7,16,Anno di uscita: 2017,141
70195800,8,16,Anno di uscita: 2018,142
70195800,9,10,Anno di uscita: 2019,143
80135674,1,13,Anno di uscita: 2016,144
80135674,2,25,Anno di uscita: 2017,145
80100172,1,10,Anno di uscita: 2017,146
80100172,2,8,Anno di uscita: 2019,147
80100172,3,8,Anno di uscita: 2020,148
70158329,1,25,Anno di uscita: 1987,149
70158329,2,22,Anno di uscita: 1988,150
70158329,3,26,Anno di uscita: 1989,151
70158329,4,26,Anno di uscita: 1990,152
70158329,5,26,Anno di uscita: 1991,153
70158329,6,26,Anno di uscita: 1992,154
70158329,7,26,Anno di uscita: 1993,155
80177342,1,10,Anno di uscita: 2018,156
80177342,2,13,Anno di uscita: 2019,157
80177342,3,11,Anno di uscita: 2020,158
80177342,4,16,Anno di uscita: 2021,159
70300800,1,12,Anno di uscita: 2014,160
70300800,2,12,Anno di uscita: 2015,161
70300800,3,12,Anno di uscita: 2016,162
70300800,4,12,Anno di uscita: 2017,163
70300800,5,12,Anno di uscita: 2018,164
70300800,6,16,Anno di uscita: 2019,165
80066080,1,16,Anno di uscita: 2016,166
80066080,2,17,Anno di uscita: 2016,167
80066080,3,18,Anno di uscita: 2017,168
80066080,4,16,Anno di uscita: 2018,169
80066080,5,15,Anno di uscita: 2020,170
70153373,1,5,Anno di uscita: 1989,171
70153373,2,12,Anno di uscita: 1991,172
70153373,3,22,Anno di uscita: 1991,173
70153373,4,22,Anno di uscita: 1992,174
70153373,5,21,Anno di uscita: 1993,175
70153373,6,23,Anno di uscita: 1994,176
70153373,7,22,Anno di uscita: 1995,177
70153373,8,22,Anno di uscita: 1996,178
70153373,9,22,Anno di uscita: 1997,179
80133311,1,13,Anno di uscita: 2017,180
80133311,2,22,Anno di uscita: 2017,181
80133311,3,22,Anno di uscita: 2018,182
80133311,4,19,Anno di uscita: 2019,183
80133311,5,19,Anno di uscita: 2021,184
80197526,1,8,Anno di uscita: 2019,185
80197526,2,8,Anno di uscita: 2020,186
80197526,3,8,Anno di uscita: 2019,187
80186863,1,10,Anno di uscita: 2019,188
80186863,2,10,Anno di uscita: 2020,189
80218200,1,11,Anno di uscita: 2018,190
80218200,2,13,Anno di uscita: 2019,191
80218200,3,13,Anno di uscita: 2021,192
81423620,1,8,Anno di uscita: 2021,193
80994082,1,5,Anno di uscita: 2021,194
80994082,2,5,Anno di uscita: 2021,195
80175802,1,8,Anno di uscita: 2017,196
80175802,2,8,Anno di uscita: 2018,197
80175802,3,8,Anno di uscita: 2020,198
70140358,1,22,Anno di uscita: 2003,199
70140358,2,18,Anno di uscita: 2004,200
70140358,3,13,Anno di uscita: 2005,201
70140358,4,22,Anno di uscita: 2018,202
70140358,5,16,Anno di uscita: 2018,203
81025696,1,10,Anno di uscita: 2021,204
80240027,1,10,Anno di uscita: 2019,205
80240027,2,10,Anno di uscita: 2020,206
80240027,3,10,Anno di uscita: 2021,207
81091393,1,26,Anno di uscita: 2019,208
80200942,1,8,Anno di uscita: 2018,209
80200942,2,8,Anno di uscita: 2019,210
80200942,3,8,Anno di uscita: 2020,211
80200942,4,8,Anno di uscita: 2021,212
80200942,5,8,Anno di uscita: 2022,213
70242311,1,13,Anno di uscita: 2013,214
70242311,2,13,Anno di uscita: 2014,215
70242311,3,13,Anno di uscita: 2015,216
70242311,4,13,Anno di uscita: 2016,217
70242311,5,13,Anno di uscita: 2017,218
70242311,6,13,Anno di uscita: 2018,219
70242311,7,13,Anno di uscita: 2019,220
80114855,1,10,Anno di uscita: 2017,221
80114855,2,9,Anno di uscita: 2019,222
80025172,1,10,Anno di uscita: 2015,223
80025172,2,10,Anno di uscita: 2016,224
80025172,3,10,Anno di uscita: 2017,225
70219484,1,12,Anno di uscita: 2011,226
70219484,2,12,Anno di uscita: 2012,227
70219484,3,24,Anno di uscita: 2013,228
70219484,4,12,Anno di uscita: 2014,229
70219484,5,20,Anno di uscita: 2015,230
70219484,6,20,Anno di uscita: 2016,231
80211991,1,10,Anno di uscita: 2018,232
80211991,2,10,Anno di uscita: 2019,233
80211991,3,10,Anno di uscita: 2021,234
70158330,1,19,Anno di uscita: 1993,235
70158330,2,26,Anno di uscita: 1993,236
70158330,3,26,Anno di uscita: 1994,237
70158330,4,25,Anno di uscita: 1995,238
70158330,5,26,Anno di uscita: 1996,239
70158330,6,26,Anno di uscita: 1997,240
70158330,7,25,Anno di uscita: 1998,241
80241545,1,6,Anno di uscita: 2020,242
80241545,2,6,Anno di uscita: 2021,243
80113701,1,13,Anno di uscita: 2016,244
80113701,2,12,Anno di uscita: 2017,245
80113701,3,12,Anno di uscita: 2018,246
80113701,4,13,Anno di uscita: 2019,247
80198988,1,8,Anno di uscita: 2019,248
80198988,2,8,Anno di uscita: 2021,249
80179394,1,22,Anno di uscita: 2017,250
80179394,2,22,Anno di uscita: 2018,251
80179394,3,20,Anno di uscita: 2019,252
80179394,4,22,Anno di uscita: 2021,253
70143843,1,22,Anno di uscita: 2009,254
70143843,2,22,Anno di uscita: 2010,255
70143843,3,22,Anno di uscita: 2011,256
70143843,4,22,Anno di uscita: 2012,257
70143843,5,20,Anno di uscita: 2013,258
70143843,6,13,Anno di uscita: 2015,259
70142405,1,20,Anno di uscita: 2005,260
70142405,2,20,Anno di uscita: 2006,261
70142405,3,21,Anno di uscita: 2007,262
80164216,1,26,Anno di uscita: 2015,263
80164216,2,12,Anno di uscita: 2016,264
80164216,3,13,Anno di uscita: 2018,265
80164216,4,13,Anno di uscita: 2019,266
80164216,5,13,Anno di uscita: 2019,267
80020542,1,22,Anno di uscita: 2014,268
80020542,2,22,Anno di uscita: 2015,269
80020542,3,21,Anno di uscita: 2016,270
80020542,4,22,Anno di uscita: 2017,271
80020542,5,12,Anno di uscita: 2019,272
80036416,1,10,Anno di uscita: 2015,273
80036416,2,12,Anno di uscita: 2016,274
80036416,3,12,Anno di uscita: 2016,275
80036416,4,12,Anno di uscita: 2018,276
80036416,5,12,Anno di uscita: 2019,277
80111373,1,10,Anno di uscita: 2016,278
80111373,2,10,Anno di uscita: 2017,279
80111373,3,10,Anno di uscita: 2018,280
80111373,4,6,Anno di uscita: 2019,281
70157460,1,13,Anno di uscita: 1998,282
70157460,2,22,Anno di uscita: 1998,283
70157460,3,23,Anno di uscita: 1999,284
70157460,4,23,Anno di uscita: 2000,285
70157460,5,23,Anno di uscita: 2001,286
70157460,6,24,Anno di uscita: 2002,287
80236318,1,10,Anno di uscita: 2020,288
80236318,2,10,Anno di uscita: 2021,289
80177458,1,10,Anno di uscita: 2020,290
80177458,2,10,Anno di uscita: 2021,291
80177458,3,10,Anno di uscita: 2022,292
80017537,1,13,Anno di uscita: 2015,293
80017537,2,13,Anno di uscita: 2016,294
80017537,3,13,Anno di uscita: 2017,295
80017537,4,13,Anno di uscita: 2018,296
80017537,5,13,Anno di uscita: 2019,297
80017537,6,13,Anno di uscita: 2020,298
80017537,7,16,Anno di uscita: 2021,299
80113647,1,21,Anno di uscita: 2016,300
80113647,2,22,Anno di uscita: 2017,301
80113647,3,10,Anno di uscita: 2019,302
80027158,1,22,Anno di uscita: 2014,303
80027158,2,22,Anno di uscita: 2016,304
80027158,3,20,Anno di uscita: 2016,305
80027158,4,17,Anno di uscita: 2017,306
80027158,5,19,Anno di uscita: 2019,307
70180057,1,22,Anno di uscita: 2010,308
70180057,2,25,Anno di uscita: 2011,309
70180057,3,24,Anno di uscita: 2012,310
70180057,4,24,Anno di uscita: 2013,311
70180057,5,25,Anno di uscita: 2014,312
70180057,6,20,Anno di uscita: 2015,313
70180057,7,20,Anno di uscita: 2016,314
70171942,1,10,Anno di uscita: 2009,315
70171942,2,13,Anno di uscita: 2011,316
70171942,3,13,Anno di uscita: 2011,317
70171942,4,13,Anno di uscita: 2013,318
70171942,5,13,Anno di uscita: 2014,319
70171942,6,13,Anno di uscita: 2015,320
70171942,7,10,Anno di uscita: 2016,321
70171942,8,8,Anno di uscita: 2017,322
70171942,9,8,Anno di uscita: 2018,323
70171942,10,9,Anno di uscita: 2019,324
70171942,11,8,Anno di uscita: 2020,325
70171942,12,8,Anno di uscita: 2021,326
80998491,1,6,Anno di uscita: 2019,327
80998491,2,6,Anno di uscita: 2020,328
80998491,3,6,Anno di uscita: 2022,329
80097140,1,10,Anno di uscita: 2018,330
80097140,2,8,Anno di uscita: 2020,331
80219707,1,10,Anno di uscita: 2019,332
80219707,2,10,Anno di uscita: 2020,333
80174479,1,10,Anno di uscita: 2018,334
80174479,2,13,Anno di uscita: 2019,335
80174479,3,13,Anno di uscita: 2020,336
70272726,1,5,Anno di uscita: 2013,337
70272726,2,6,Anno di uscita: 2014,338
70272726,3,6,Anno di uscita: 2016,339
80050063,1,24,Anno di uscita: 2014,340
80050063,2,4,Anno di uscita: 2016,341
80050063,3,24,Anno di uscita: 2018,342
80050063,4,24,Anno di uscita: 2019,343
80050063,5,24,Anno di uscita: 2021,344
80117540,1,8,Anno di uscita: 2017,345
80117540,2,10,Anno di uscita: 2018,346
80117540,3,10,Anno di uscita: 2019,347
80117540,4,10,Anno di uscita: 2021,348
80225312,1,10,Anno di uscita: 2019,349
80225312,2,10,Anno di uscita: 2020,350
80225312,3,8,Anno di uscita: 2021,351
70245234,1,12,Anno di uscita: 2013,352
70245234,2,12,Anno di uscita: 2014,353
70245234,3,12,Anno di uscita: 2015,354
70245234,4,12,Anno di uscita: 2016,355
70245234,5,12,Anno di uscita: 2017,356
70245234,6,12,Anno di uscita: 2018,357
70245234,7,10,Anno di uscita: 2019,358
70158332,1,25,Anno di uscita: 2001,359
70158332,2,26,Anno di uscita: 2002,360
70158332,3,24,Anno di uscita: 2003,361
70158332,4,22,Anno di uscita: 2004,362
70140438,1,9,Anno di uscita: 2007,363
70140438,2,10,Anno di uscita: 2008,364
70140438,3,10,Anno di uscita: 2009,365
70140438,4,8,Anno di uscita: 2010,366
70140438,5,8,Anno di uscita: 2011,367
70140438,6,10,Anno di uscita: 2011,368
70140438,7,6,Anno di uscita: 2013,369
81140470,1,8,Anno di uscita: 2021,370
81037371,1,10,Anno di uscita: 2020,371
81037371,2,10,Anno di uscita: 2021,372
80191236,1,13,Anno di uscita: 2018,373
80191236,2,8,Anno di uscita: 2021,374
80191236,3,6,Anno di uscita: 2021,375
80241239,1,10,Anno di uscita: 2020,376
80241239,2,10,Anno di uscita: 2021,377
80077417,1,10,Anno di uscita: 2016,378
80077417,2,13,Anno di uscita: 2017,379
80077417,3,13,Anno di uscita: 2018,380
80010655,1,13,Anno di uscita: 2015,381
80010655,2,10,Anno di uscita: 2016,382
80010655,3,10,Anno di uscita: 2017,383
80220679,1,6,Anno di uscita: 2021,384
80025744,1,12,Anno di uscita: 2015,385
80025744,2,12,Anno di uscita: 2017,386
80105699,1,12,Anno di uscita: 2016,387
80105699,2,12,Anno di uscita: 2017,388
80105699,3,10,Anno di uscita: 2018,389
80158319,1,4,Anno di uscita: 2018,390
80104198,1,10,Anno di uscita: 2018,391
80104198,2,10,Anno di uscita: 2019,392
80104198,3,8,Anno di uscita: 2021,393
80117038,1,10,Anno di uscita: 2017,394
80117038,2,10,Anno di uscita: 2018,395
80117038,3,11,Anno di uscita: 2019,396
80117038,4,10,Anno di uscita: 2020,397
80117038,5,10,Anno di uscita: 2021,398
80136311,1,7,Anno di uscita: 2017,399
80136311,2,10,Anno di uscita: 2018,400
80136311,3,10,Anno di uscita: 2019,401
70140450,1,6,Anno di uscita: 2006,402
70140450,2,6,Anno di uscita: 2007,403
70140450,3,6,Anno di uscita: 2008,404
70140450,4,6,Anno di uscita: 2010,405
70140450,5,1,Anno di uscita: 2013,406
80008434,1,13,Anno di uscita: 2014,407
80008434,2,15,Anno di uscita: 2015,408
80008434,3,14,Anno di uscita: 2016,409
80008434,4,13,Anno di uscita: 2017,410
80008434,5,13,Anno di uscita: 2018,411
80213445,1,8,Anno di uscita: 2020,412
80238565,1,6,Anno di uscita: 2018,413
80238565,2,6,Anno di uscita: 2019,414
80992783,1,4,Anno di uscita: 2021,415
80175722,1,8,Anno di uscita: 2017,416
80175722,2,8,Anno di uscita: 2019,417
81028174,1,10,Anno di uscita: 2021,418
81022733,1,9,Anno di uscita: 2020,419
81022733,2,9,Anno di uscita: 2020,420
80084447,1,13,Anno di uscita: 2016,421
80084447,2,20,Anno di uscita: 2017,422
80084447,3,10,Anno di uscita: 2018,423
80084447,4,12,Anno di uscita: 2019,424
80077977,1,10,Anno di uscita: 2016,425
80077977,2,10,Anno di uscita: 2016,426
80077977,3,10,Anno di uscita: 2017,427
80077977,4,10,Anno di uscita: 2017,428
80077977,5,10,Anno di uscita: 2018,429
80077977,6,10,Anno di uscita: 2018,430
80077977,7,10,Anno di uscita: 2019,431
80077977,8,10,Anno di uscita: 2020,432
80235864,1,6,Anno di uscita: 2018,433
80027563,1,12,Anno di uscita: 2011,434
80027563,2,14,Anno di uscita: 2013,435
80027563,3,13,Anno di uscita: 2014,436
80027563,4,13,Anno di uscita: 2014,437
81004164,1,12,Anno di uscita: 2013,438
81004164,2,12,Anno di uscita: 2015,439
81004164,3,9,Anno di uscita: 2021,440
80990381,1,10,Anno di uscita: 2021,441
80113612,1,12,Anno di uscita: 2015,442
80113612,2,12,Anno di uscita: 2018,443
80113612,3,12,Anno di uscita: 2020,444
80178687,1,13,Anno di uscita: 2018,445
80178687,2,16,Anno di uscita: 2018,446
80178687,3,16,Anno di uscita: 2019,447
80178687,4,13,Anno di uscita: 2021,448
80044950,1,8,Anno di uscita: 2016,449
80044950,2,8,Anno di uscita: 2019,450
80027159,1,13,Anno di uscita: 2015,451
80027159,2,19,Anno di uscita: 2015,452
80027159,3,13,Anno di uscita: 2017,453
80027159,4,13,Anno di uscita: 2018,454
80027159,5,13,Anno di uscita: 2019,455
70153385,1,6,Anno di uscita: 2001,456
70153385,2,7,Anno di uscita: 2002,457
70153385,3,8,Anno di uscita: 2003,458
70153385,4,8,Anno di uscita: 2004,459
70153385,5,10,Anno di uscita: 2005,460
70153385,6,6,Anno di uscita: 2006,461
70153385,7,10,Anno di uscita: 2007,462
70153385,8,10,Anno di uscita: 2014,463
70153385,9,10,Anno di uscita: 2015,464
70153385,10,10,Anno di uscita: 2016,465
70153385,11,10,Anno di uscita: 2017,466
70153385,12,10,Anno di uscita: 2018,467
81004936,1,8,Anno di uscita: 2020,468
81004936,2,8,Anno di uscita: 2021,469
81004936,3,8,Anno di uscita: 2022,470
80241027,1,9,Anno di uscita: 2020,471
80241027,2,10,Anno di uscita: 2021,472
80241027,3,10,Anno di uscita: 2022,473
80176878,1,8,Anno di uscita: 2017,474
80050008,1,8,Anno di uscita: 2017,475
80050008,2,10,Anno di uscita: 2018,476
80050008,3,7,Anno di uscita: 2019,477
80199393,1,10,Anno di uscita: 2020,478
80025384,1,13,Anno di uscita: 2015,479
80025384,2,13,Anno di uscita: 2016,480
80025384,3,13,Anno di uscita: 2017,481
80025384,4,12,Anno di uscita: 2018,482
80991848,1,8,Anno di uscita: 2021,483
81021929,1,10,Anno di uscita: 2020,484
81021929,2,7,Anno di uscita: 2022,485
80195378,1,6,Anno di uscita: 2021,486
80195378,2,6,Anno di uscita: 2019,487
80195378,3,6,Anno di uscita: 2018,488
80238357,1,10,Anno di uscita: 2019,489
80238357,2,10,Anno di uscita: 2020,490
80200575,1,8,Anno di uscita: 2020,491
80180171,1,6,Anno di uscita: 2019,492
80180171,2,6,Anno di uscita: 2020,493
80094728,1,8,Anno di uscita: 2016,494
80094728,2,8,Anno di uscita: 2017,495
80094728,3,8,Anno di uscita: 2019,496
81133094,1,8,Anno di uscita: 2021,497
80211627,1,8,Anno di uscita: 2019,498
80211627,2,7,Anno di uscita: 2022,499
80236236,1,10,Anno di uscita: 2019,500
80236236,2,10,Anno di uscita: 2020,501
80057134,1,19,Anno di uscita: 2015,502
80057134,2,20,Anno di uscita: 2016,503
80049277,1,10,Anno di uscita: 2015,504
80049277,2,10,Anno di uscita: 2016,505
80049277,3,10,Anno di uscita: 2018,506
80114988,1,10,Anno di uscita: 2017,507
80114988,2,10,Anno di uscita: 2018,508
80114988,3,10,Anno di uscita: 2019,509
80198991,1,13,Anno di uscita: 2017,510
80198991,2,13,Anno di uscita: 2017,511
80198991,3,13,Anno di uscita: 2019,512
80198991,4,8,Anno di uscita: 2020,513
80198991,5,10,Anno di uscita: 2021,514
80198991,6,13,Anno di uscita: 2022,515
70217931,1,23,Anno di uscita: 2013,516
70217931,2,23,Anno di uscita: 2014,517
70302573,1,25,Anno di uscita: 2012,518
70302573,2,24,Anno di uscita: 2014,519
70302573,3,24,Anno di uscita: 2018,520
70302573,4,23,Anno di uscita: 2019,521
80197989,1,10,Anno di uscita: 2019,522
80109194,1,10,Anno di uscita: 2016,523
80109194,2,8,Anno di uscita: 2017,524
80109194,3,13,Anno di uscita: 2018,525
80242724,1,10,Anno di uscita: 2020,526
80119426,1,8,Anno di uscita: 2016,527
80119426,2,10,Anno di uscita: 2018,528
80230534,1,9,Anno di uscita: 2020,529
80095815,1,10,Anno di uscita: 2017,530
80095815,2,10,Anno di uscita: 2018,531
80095815,3,10,Anno di uscita: 2019,532
80065146,1,25,Anno di uscita: 2006,533
80065146,2,25,Anno di uscita: 2008,534
80059465,1,11,Anno di uscita: 2015,535
80059465,2,13,Anno di uscita: 2016,536
80059465,3,8,Anno di uscita: 2018,537
80059465,4,8,Anno di uscita: 2019,538
80059465,5,8,Anno di uscita: 2020,539
80217669,1,10,Anno di uscita: 2019,540
80217669,2,8,Anno di uscita: 2022,541
80099753,1,10,Anno di uscita: 2015,542
80099753,2,10,Anno di uscita: 2017,543
80099753,3,10,Anno di uscita: 2018,544
70305883,1,10,Anno di uscita: 2014,545
70305883,2,10,Anno di uscita: 2016,546
80994336,1,8,Anno di uscita: 2021,547
80994336,2,8,Anno di uscita: 2022,548
80066227,1,18,Anno di uscita: 2015,549
80066227,2,13,Anno di uscita: 2016,550
80066227,3,13,Anno di uscita: 2017,551
80066227,4,18,Anno di uscita: 2019,552
80108495,1,6,Anno di uscita: 2015,553
80108495,2,6,Anno di uscita: 2017,554
80108495,3,6,Anno di uscita: 2019,555
80990863,1,6,Anno di uscita: 2021,556
81061734,1,10,Anno di uscita: 2020,557
81128450,1,6,Anno di uscita: 2021,558
80201500,1,8,Anno di uscita: 2018,559
80095699,1,8,Anno di uscita: 2016,560
80095699,2,8,Anno di uscita: 2017,561
80095699,3,9,Anno di uscita: 2019,562
81002769,1,6,Anno di uscita: 2021,563
80115328,1,8,Anno di uscita: 2018,564
80115328,2,8,Anno di uscita: 2019,565
80005874,1,26,Anno di uscita: 2011,566
80993591,1,10,Anno di uscita: 2020,567
80179905,1,12,Anno di uscita: 2018,568
80179905,2,10,Anno di uscita: 2019,569
80241248,1,8,Anno di uscita: 2019,570
80241248,2,7,Anno di uscita: 2020,571
80053653,1,10,Anno di uscita: 2015,572
80053653,2,13,Anno di uscita: 2016,573
80197462,1,10,Anno di uscita: 2019,574
80117809,1,10,Anno di uscita: 2018,575
80117809,2,10,Anno di uscita: 2019,576
80117809,3,8,Anno di uscita: 2020,577
80117809,4,10,Anno di uscita: 2021,578
80177346,1,8,Anno di uscita: 2017,579
80177346,2,10,Anno di uscita: 2019,580
80099656,1,6,Anno di uscita: 2016,581
80099656,2,6,Anno di uscita: 2017,582
80099656,3,6,Anno di uscita: 2018,583
80216172,1,3,Anno di uscita: 2019,584
80216172,2,4,Anno di uscita: 2020,585
70302482,1,10,Anno di uscita: 2010,586
70302482,2,10,Anno di uscita: 2011,587
70302482,3,10,Anno di uscita: 2012,588
81001988,1,8,Anno di uscita: 2020,589
80105452,1,8,Anno di uscita: 2016,590
80105452,2,8,Anno di uscita: 2017,591
80105452,3,8,Anno di uscita: 2019,592
80204890,1,10,Anno di uscita: 2019,593
80204890,2,10,Anno di uscita: 2020,594
80204890,3,10,Anno di uscita: 2021,595
80204890,4,10,Anno di uscita: 2022,596
81037848,1,8,Anno di uscita: 2019,597
81037848,2,8,Anno di uscita: 2020,598
81037848,3,8,Anno di uscita: 2021,599
81195432,1,6,Anno di uscita: 2021,600
80154610,1,8,Anno di uscita: 2018,601
80154610,2,6,Anno di uscita: 2019,602
80154610,3,6,Anno di uscita: 2020,603
81064555,1,10,Anno di uscita: 2021,604
80028732,1,6,Anno di uscita: 2015,605
80028732,2,10,Anno di uscita: 2017,606
80028732,3,10,Anno di uscita: 2018,607
80028732,4,10,Anno di uscita: 2020,608
80028732,5,8,Anno di uscita: 2021,609
80171099,1,13,Anno di uscita: 2017,610
80171099,2,13,Anno di uscita: 2018,611
80191239,1,8,Anno di uscita: 2018,612
80213536,1,12,Anno di uscita: 2018,613
80189829,1,10,Anno di uscita: 2018,614
80189829,2,8,Anno di uscita: 2019,615
80189829,3,7,Anno di uscita: 2020,616
80189829,4,7,Anno di uscita: 2020,617
80161728,1,10,Anno di uscita: 2017,618
80161728,2,8,Anno di uscita: 2019,619
80196382,1,13,Anno di uscita: 2018,620
80196382,2,8,Anno di uscita: 2021,621
80190519,1,8,Anno di uscita: 2019,622
80145143,1,11,Anno di uscita: 2016,623
80145143,2,10,Anno di uscita: 2018,624
80145143,3,10,Anno di uscita: 2019,625
81044551,1,12,Anno di uscita: 2020,626
81044551,2,13,Anno di uscita: 2021,627
81044551,3,13,Anno di uscita: 2021,628
81044551,4,8,Anno di uscita: 2022,629
80987064,1,4,Anno di uscita: 2018,630
81008221,1,6,Anno di uscita: 2020,631
81008221,2,6,Anno di uscita: 2021,632
80091341,1,6,Anno di uscita: 2018,633
80091341,2,7,Anno di uscita: 2019,634
81397558,1,16,Anno di uscita: 2021,635
80230293,1,10,Anno di uscita: 2019,636
80103408,1,26,Anno di uscita: 2019,637
80103408,2,26,Anno di uscita: 2017,638
80103408,3,26,Anno di uscita: 2015,639
80103408,4,26,Anno di uscita: 2014,640
80103408,5,26,Anno di uscita: 2013,641
80180182,1,6,Anno di uscita: 2016,642
80180182,2,6,Anno di uscita: 2018,643
80180182,3,6,Anno di uscita: 2020,644
81012637,1,8,Anno di uscita: 2021,645
81012637,2,8,Anno di uscita: 2021,646
80211686,1,9,Anno di uscita: 2020,647
81017308,1,10,Anno di uscita: 2020,648
81047664,1,10,Anno di uscita: 2021,649
80133042,1,9,Anno di uscita: 2017,650
80133042,2,12,Anno di uscita: 2017,651
80133042,3,13,Anno di uscita: 2018,652
80214512,1,10,Anno di uscita: 2020,653
80081537,1,10,Anno di uscita: 2017,654
80081537,2,8,Anno di uscita: 2019,655
80081537,3,6,Anno di uscita: 2020,656
80025494,1,7,Anno di uscita: 2019,657
80025494,2,7,Anno di uscita: 2011,658
80025494,3,7,Anno di uscita: 2010,659
80025494,4,6,Anno di uscita: 2009,660
80025494,5,13,Anno di uscita: 2004,661
80025494,6,13,Anno di uscita: 2006,662
80176234,1,164,Anno di uscita: 2014,663
80201590,1,10,Anno di uscita: 2020,664
80211634,1,6,Anno di uscita: 2018,665
80211634,2,6,Anno di uscita: 2019,666
80211634,3,6,Anno di uscita: 2020,667
80052714,1,24,Anno di uscita: 2014,668
80117557,1,10,Anno di uscita: 2020,669
80211136,1,6,Anno di uscita: 2016,670
80211136,2,6,Anno di uscita: 2016,671
70281343,1,26,Anno di uscita: 2013,672
70281343,2,13,Anno di uscita: 2015,673
70281343,3,13,Anno di uscita: 2015,674
70281343,4,16,Anno di uscita: 2016,675
80100929,1,8,Anno di uscita: 2017,676
80100929,2,8,Anno di uscita: 2017,677
80100929,3,8,Anno di uscita: 2018,678
80100929,4,8,Anno di uscita: 2019,679
80100929,5,5,Anno di uscita: 2017,680
80100929,6,5,Anno di uscita: 2017,681
81076756,1,7,Anno di uscita: 2019,682
80174285,1,13,Anno di uscita: 2018,683
80174285,2,10,Anno di uscita: 2018,684
80174285,3,8,Anno di uscita: 2019,685
80174285,4,8,Anno di uscita: 2020,686
80075820,1,26,Anno di uscita: 2016,687
80075820,2,13,Anno di uscita: 2017,688
80075820,3,13,Anno di uscita: 2018,689
81413647,1,16,Anno di uscita: 2021,690
81302258,1,8,Anno di uscita: 2020,691
80221787,1,6,Anno di uscita: 2018,692
80221787,2,8,Anno di uscita: 2019,693
80095411,1,10,Anno di uscita: 2017,694
81193309,1,16,Anno di uscita: 2020,695
70143834,1,18,Anno di uscita: 2010,696
70143834,2,18,Anno di uscita: 2011,697
80211563,1,10,Anno di uscita: 2019,698
80133117,1,6,Anno di uscita: 2016,699
80041601,1,6,Anno di uscita: 2014,700
80041601,2,8,Anno di uscita: 2016,701
80041601,3,8,Anno di uscita: 2018,702
81004814,1,7,Anno di uscita: 2019,703
81004814,2,8,Anno di uscita: 2021,704
80074220,1,8,Anno di uscita: 2016,705
80074220,2,10,Anno di uscita: 2018,706
80074220,3,8,Anno di uscita: 2019,707
80074220,4,7,Anno di uscita: 2020,708
81036622,1,13,Anno di uscita: 2019,709
81036622,2,8,Anno di uscita: 2021,710
80175351,1,12,Anno di uscita: 2017,711
80175351,2,12,Anno di uscita: 2019,712
80210361,1,10,Anno di uscita: 2019,713
80140955,1,13,Anno di uscita: 2016,714
80140955,2,16,Anno di uscita: 2017,715
80140955,3,13,Anno di uscita: 2018,716
80140955,4,10,Anno di uscita: 2019,717
80140955,5,8,Anno di uscita: 2020,718
80046249,1,8,Anno di uscita: 2016,719
80046249,2,6,Anno di uscita: 2017,720
80987903,1,8,Anno di uscita: 2020,721
81012541,1,6,Anno di uscita: 2021,722
80195522,1,6,Anno di uscita: 2016,723
80195522,2,6,Anno di uscita: 2017,724
80195522,3,6,Anno di uscita: 2018,725
80233258,1,8,Anno di uscita: 2019,726
80233258,2,8,Anno di uscita: 2019,727
80233258,3,6,Anno di uscita: 2020,728
81002003,1,7,Anno di uscita: 2021,729
81002003,2,7,Anno di uscita: 2022,730
80221644,1,10,Anno di uscita: 2020,731
80244296,1,10,Anno di uscita: 2020,732
80160935,1,13,Anno di uscita: 2018,733
80160935,2,9,Anno di uscita: 2019,734
80160935,3,11,Anno di uscita: 2020,735
80211572,1,10,Anno di uscita: 2019,736
80211572,2,8,Anno di uscita: 2021,737
81054847,1,12,Anno di uscita: 2019,738
81054847,2,12,Anno di uscita: 2021,739
80178724,1,8,Anno di uscita: 2019,740
80236118,1,10,Anno di uscita: 2019,741
80230561,1,10,Anno di uscita: 2019,742
80230561,2,10,Anno di uscita: 2020,743
80134695,1,10,Anno di uscita: 2017,744
80134695,2,10,Anno di uscita: 2018,745
80134695,3,10,Anno di uscita: 2019,746
80209184,1,8,Anno di uscita: 2020,747
80243728,1,12,Anno di uscita: 2016,748
80243728,2,8,Anno di uscita: 2020,749
80204451,1,13,Anno di uscita: 2018,750
80204451,2,13,Anno di uscita: 2018,751
80204451,3,13,Anno di uscita: 2020,752
80006146,1,22,Anno di uscita: 2012,753
80207033,1,10,Anno di uscita: 2021,754
80209013,1,10,Anno di uscita: 2019,755
80209013,2,6,Anno di uscita: 2020,756
80209013,3,5,Anno di uscita: 2019,757
81098497,1,38,Release year: 2019,758
81098497,2,44,Release year: 2020,759
80103417,1,10,Anno di uscita: 2016,760
80103417,2,10,Anno di uscita: 2017,761
80103417,3,10,Anno di uscita: 2018,762
80103417,4,10,Anno di uscita: 2019,763
80103417,5,10,Anno di uscita: 2020,764
81393636,1,6,Anno di uscita: 2021,765
80000770,1,10,Release year: 2015,766
80000770,2,10,Release year: 2018,767
80117551,1,10,Anno di uscita: 2018,768
70304256,1,13,Anno di uscita: 2011,769
70304256,2,12,Anno di uscita: 2012,770
80095435,1,12,Anno di uscita: 2017,771
80095435,2,12,Anno di uscita: 2018,772
80095435,3,8,Anno di uscita: 2019,773
80095435,4,8,Anno di uscita: 2020,774
81149450,1,8,Release year: 2022,775
81080697,1,8,Anno di uscita: 2020,776
81080697,2,8,Anno di uscita: 2021,777
80212986,1,8,Anno di uscita: 2020,778
80212986,2,8,Anno di uscita: 2021,779
81340922,1,38,Anno di uscita: 1994,780
81340922,2,14,Anno di uscita: 1995,781
81340922,3,13,Anno di uscita: 1995,782
81340922,4,26,Anno di uscita: 1996,783
81340922,5,39,Anno di uscita: 1997,784
81340922,6,40,Anno di uscita: 1997,785
81340922,7,40,Anno di uscita: 1999,786
80191680,1,6,Anno di uscita: 2017,787
80191680,2,6,Anno di uscita: 2019,788
70258489,1,7,Anno di uscita: 2012,789
70258489,2,6,Anno di uscita: 2014,790
70258489,3,1,Anno di uscita: 2015,791
70300066,1,13,Anno di uscita: 2014,792
70300066,2,10,Anno di uscita: 2015,793
70300066,3,10,Anno di uscita: 2016,794
80095698,1,10,Anno di uscita: 2017,795
80095698,2,10,Anno di uscita: 2018,796
80095698,3,10,Anno di uscita: 2019,797
80095698,4,10,Anno di uscita: 2021,798
80198137,1,10,Anno di uscita: 2019,799
80237329,1,10,Anno di uscita: 2020,800
70285368,1,8,Anno di uscita: 2012,801
70285368,2,8,Anno di uscita: 2013,802
70285368,3,8,Anno di uscita: 2015,803
70285368,4,8,Anno di uscita: 2017,804
70285368,5,8,Anno di uscita: 2020,805
80117545,1,8,Anno di uscita: 2017,806
80117545,2,8,Anno di uscita: 2018,807
80161335,1,6,Anno di uscita: 2015,808
80161335,2,6,Anno di uscita: 2017,809
81403966,1,12,Anno di uscita: 2021,810
81277858,1,12,Anno di uscita: 2019,811
80039813,1,8,Anno di uscita: 2015,812
80176771,1,10,Anno di uscita: 2017,813
81037871,1,8,Release year: 2020,814
81005504,1,49,Anno di uscita: 2018,815
81011660,1,6,Anno di uscita: 2020,816
81011660,2,6,Anno di uscita: 2021,817
80005821,1,12,Anno di uscita: 2014,818
70308852,1,12,Anno di uscita: 2006,819
70308852,2,12,Anno di uscita: 2006,820
70308852,3,5,Anno di uscita: 2010,821
80202133,1,10,Anno di uscita: 2018,822
80223793,1,6,Anno di uscita: 2019,823
80214886,1,6,Anno di uscita: 2020,824
80998905,1,6,Release year: 2017,825
80998905,2,8,Release year: 2018,826
70305217,1,25,Anno di uscita: 2013,827
81021245,1,8,Anno di uscita: 2020,828
81021245,2,8,Anno di uscita: 2021,829
80184405,1,8,Anno di uscita: 2018,830
80217779,1,8,Anno di uscita: 2019,831
70213238,1,6,Anno di uscita: 1974,832
70213238,2,13,Anno di uscita: 1973,833
70213238,3,13,Anno di uscita: 1970,834
70213238,4,13,Anno di uscita: 1969,835
80075595,1,11,Anno di uscita: 2016,836
80075595,2,13,Anno di uscita: 2017,837
80075595,3,7,Anno di uscita: 2017,838
80075595,4,6,Anno di uscita: 2017,839
80075595,5,6,Anno di uscita: 2018,840
80075595,6,7,Anno di uscita: 2018,841
80075595,7,13,Anno di uscita: 2018,842
80075595,8,13,Anno di uscita: 2018,843
80115346,1,13,Anno di uscita: 2018,844
80115346,2,13,Anno di uscita: 2021,845
80130521,1,12,Anno di uscita: 2017,846
80130521,2,13,Anno di uscita: 2018,847
80130521,3,13,Anno di uscita: 2019,848
80130521,4,13,Anno di uscita: 2020,849
81092269,1,8,Anno di uscita: 2018,850
80184682,1,10,Anno di uscita: 2018,851
80184682,2,10,Anno di uscita: 2020,852
81021570,1,12,Release year: 2018,853
81069541,1,8,Anno di uscita: 2020,854
81145135,1,52,Anno di uscita: 2019,855
81083626,1,7,Anno di uscita: 2021,856
80117694,1,10,Anno di uscita: 2017,857
80117694,2,10,Anno di uscita: 2018,858
81027195,1,10,Anno di uscita: 2017,859
81220435,1,14,Anno di uscita: 2020,860
81220435,2,9,Anno di uscita: 2020,861
80173623,1,10,Anno di uscita: 2017,862
70204995,1,27,Anno di uscita: 2000,863
70204995,2,27,Anno di uscita: 2001,864
70204995,3,28,Anno di uscita: 2002,865
70204995,4,28,Anno di uscita: 2003,866
70204995,5,28,Anno di uscita: 2003,867
70204995,6,29,Anno di uscita: 2004,868
81026055,1,6,Anno di uscita: 2020,869
81026055,2,6,Anno di uscita: 2020,870
81318872,1,16,Anno di uscita: 2020,871
81183727,1,4,Anno di uscita: 2021,872
80040330,1,13,Anno di uscita: 2014,873
80040330,2,13,Anno di uscita: 2015,874
80115671,1,13,Anno di uscita: 2017,875
81239555,1,38,Anno di uscita: 2021,876
80066429,1,15,Anno di uscita: 2017,877
80066429,2,12,Anno di uscita: 2018,878
80132333,1,26,Anno di uscita: 2011,879
80211465,1,6,Anno di uscita: 2018,880
81075958,1,6,Anno di uscita: 2020,881
70177033,1,26,Anno di uscita: 2013,882
70177033,2,26,Anno di uscita: 2015,883
80062047,1,10,Anno di uscita: 2016,884
80062047,2,10,Anno di uscita: 2016,885
80062047,3,10,Anno di uscita: 2017,886
80062047,4,10,Anno di uscita: 2017,887
80992784,1,7,Anno di uscita: 2020,888
80992228,1,12,Anno di uscita: 2019,889
80992228,2,12,Anno di uscita: 2019,890
81005375,1,26,Anno di uscita: 1992,891
81005375,2,40,Anno di uscita: 1993,892
81005375,3,28,Anno di uscita: 1994,893
81005375,4,18,Anno di uscita: 1995,894
80225885,1,7,Anno di uscita: 2019,895
80160037,1,10,Anno di uscita: 2021,896
80160037,2,10,Anno di uscita: 2020,897
80160037,3,8,Anno di uscita: 2019,898
80160037,4,8,Anno di uscita: 2019,899
80160037,5,8,Anno di uscita: 2018,900
80160037,6,8,Anno di uscita: 2018,901
80177416,1,10,Release year: 2018,902
80206360,1,9,Anno di uscita: 2017,903
81008138,1,10,Anno di uscita: 2020,904
80007945,1,4,Anno di uscita: 2019,905
80007945,2,4,Anno di uscita: 2018,906
80007945,3,4,Anno di uscita: 2018,907
80007945,4,6,Anno di uscita: 2017,908
80007945,5,6,Anno di uscita: 2016,909
80007945,6,6,Anno di uscita: 2015,910
70143833,1,18,Anno di uscita: 2010,911
70143833,2,25,Anno di uscita: 2011,912
80025601,1,6,Anno di uscita: 2016,913
80025601,2,5,Anno di uscita: 2017,914
80200989,1,12,Anno di uscita: 2015,915
80200989,2,12,Anno di uscita: 2015,916
80216651,1,6,Release year: 2016,917
80216651,2,8,Release year: 2016,918
80216651,3,6,Release year: 2020,919
80996811,1,10,Anno di uscita: 2021,920
80222802,1,8,Anno di uscita: 2022,921
80030346,1,13,Anno di uscita: 2015,922
80030346,2,10,Anno di uscita: 2016,923
80030346,3,10,Anno di uscita: 2017,924
80030346,4,12,Anno di uscita: 2019,925
80191522,1,10,Anno di uscita: 2018,926
80191522,2,8,Anno di uscita: 2020,927
80191522,3,12,Anno di uscita: 2021,928
81003028,1,10,Anno di uscita: 2020,929
80167821,1,9,Anno di uscita: 2019,930
80167821,2,10,Anno di uscita: 2019,931
80167821,3,5,Anno di uscita: 2020,932
80167821,4,8,Anno di uscita: 2021,933
80022632,1,6,Release year: 2015,934
80022632,2,6,Release year: 2016,935
81001036,1,10,Anno di uscita: 2020,936
80179138,1,6,Anno di uscita: 2021,937
80179138,2,6,Anno di uscita: 2021,938
80179138,3,8,Anno di uscita: 2020,939
80179138,4,6,Anno di uscita: 2019,940
80179138,5,7,Anno di uscita: 2018,941
80179138,6,6,Anno di uscita: 2018,942
81103322,1,8,Anno di uscita: 2021,943
80214792,1,10,Anno di uscita: 2019,944
80214792,2,13,Anno di uscita: 2018,945
80990668,1,10,Anno di uscita: 2020,946
80991654,1,24,Anno di uscita: 2018,947
81059382,1,8,Anno di uscita: 2021,948
81011449,1,10,Anno di uscita: 2020,949
81289456,1,12,Anno di uscita: 2021,950
81004536,1,6,Anno di uscita: 2021,951
80118100,1,5,Release year: 2020,952
80118100,2,6,Release year: 2018,953
80095900,1,8,Anno di uscita: 2016,954
80095900,2,8,Anno di uscita: 2017,955
80157073,1,10,Anno di uscita: 2018,956
80108159,1,8,Anno di uscita: 2019,957
80108159,2,8,Anno di uscita: 2018,958
81142595,1,16,Anno di uscita: 2019,959
81221302,1,8,Anno di uscita: 2019,960
80192577,1,10,Anno di uscita: 2017,961
81092958,1,10,Anno di uscita: 2021,962
81092958,2,8,Anno di uscita: 2022,963
70202899,1,26,Anno di uscita: 1998,964
81037850,1,7,Anno di uscita: 2020,965
80117554,1,10,Anno di uscita: 2017,966
80117554,2,9,Anno di uscita: 2018,967
80150507,1,8,Anno di uscita: 2017,968
81156880,1,14,Release year: 2020,969
81156880,2,10,Release year: 2020,970
81156880,3,10,Release year: 2021,971
81011159,1,5,Anno di uscita: 2016,972
81011159,2,8,Anno di uscita: 2018,973
81011159,3,8,Anno di uscita: 2019,974
81011159,4,8,Anno di uscita: 2021,975
81035680,1,10,Anno di uscita: 2021,976
80242531,1,12,Anno di uscita: 2022,977
80244780,1,6,Anno di uscita: 2020,978
80223040,1,6,Anno di uscita: 2020,979
80238711,1,25,Anno di uscita: 2019,980
80201035,1,8,Anno di uscita: 2020,981
80201035,2,1,Anno di uscita: 2020,982
80198208,1,10,Anno di uscita: 2020,983
80198208,2,8,Anno di uscita: 2021,984
80241539,1,6,Anno di uscita: 2019,985
80241539,2,6,Anno di uscita: 2021,986
80174617,1,8,Anno di uscita: 2017,987
80158515,1,10,Anno di uscita: 2017,988
80158515,2,10,Anno di uscita: 2018,989
80020935,1,13,Anno di uscita: 2014,990
80020935,2,13,Anno di uscita: 2012,991
80020935,3,26,Anno di uscita: 2010,992
81183491,1,10,Release year: 2020,993
80176076,1,22,Anno di uscita: 2018,994
80176076,2,22,Anno di uscita: 2017,995
70304246,1,9,Release year: 2012,996
70304246,2,6,Release year: 2015,997
70304246,3,6,Release year: 2017,998
70304246,4,6,Release year: 2018,999
81172267,1,26,Anno di uscita: 2003,1000
81172267,2,26,Anno di uscita: 2003,1001
80113037,1,10,Anno di uscita: 2016,1002
80113037,2,10,Anno di uscita: 2019,1003
81116487,1,20,Anno di uscita: 2019,1004
81161487,1,16,Anno di uscita: 2019,1005
80190931,1,13,Anno di uscita: 2017,1006
81166770,1,10,Anno di uscita: 2021,1007
80046193,1,12,Anno di uscita: 2016,1008
80046193,2,8,Anno di uscita: 2017,1009
81046613,1,8,Anno di uscita: 2021,1010
80097036,1,26,Anno di uscita: 2016,1011
80097036,2,26,Anno di uscita: 2015,1012
80145141,1,8,Anno di uscita: 2018,1013
80231373,1,13,Anno di uscita: 2019,1014
80231373,2,6,Anno di uscita: 2022,1015
81210762,1,6,Anno di uscita: 2021,1016
81044547,1,6,Anno di uscita: 2020,1017
81044547,2,7,Anno di uscita: 2021,1018
81092269,1,8,Anno di uscita: 2018,1019
80205594,1,8,Anno di uscita: 2019,1020
81364887,1,13,Anno di uscita: 2020,1021
70308793,1,26,Anno di uscita: 2006,1022
81183494,1,7,Anno di uscita: 2020,1023
81061789,1,4,Anno di uscita: 2020,1024
81028317,1,5,Anno di uscita: 2020,1025
81028317,2,6,Anno di uscita: 2020,1026
81028317,3,6,Anno di uscita: 2019,1027
81028317,4,8,Anno di uscita: 2019,1028
80202283,1,10,Anno di uscita: 2020,1029
80202283,2,10,Anno di uscita: 2018,1030
80198635,1,7,Anno di uscita: 2017,1031
80198635,2,6,Anno di uscita: 2019,1032
81261630,1,25,Anno di uscita: 2021,1033
80020540,1,10,Anno di uscita: 2015,1034
80020540,2,11,Anno di uscita: 2015,1035
81194153,1,12,Anno di uscita: 2021,1036
80037278,1,8,Anno di uscita: 2016,1037
80037278,2,8,Anno di uscita: 2018,1038
80238391,1,25,Anno di uscita: 2019,1039
81039144,1,8,Anno di uscita: 2021,1040
81039144,2,8,Anno di uscita: 2022,1041
81003648,1,30,Anno di uscita: 2017,1042
81019632,1,8,Anno di uscita: 2020,1043
80155771,1,52,Anno di uscita: 2014,1044
81019792,1,6,Anno di uscita: 2020,1045
80058852,1,3,Anno di uscita: 2015,1046
80058852,2,6,Anno di uscita: 2016,1047
80058852,3,6,Anno di uscita: 2016,1048
80058852,4,1,Anno di uscita: 2017,1049
80058852,5,5,Anno di uscita: 2017,1050
80058852,6,5,Anno di uscita: 2017,1051
80222951,1,6,Anno di uscita: 2019,1052
80996338,1,5,Anno di uscita: 2019,1053
80113201,1,12,Anno di uscita: 2016,1054
80113201,2,13,Anno di uscita: 2017,1055
80113201,3,13,Anno di uscita: 2018,1056
81159258,1,16,Release year: 2019,1057
80162994,1,52,Anno di uscita: 2015,1058
80162994,2,26,Anno di uscita: 2017,1059
80169786,1,8,Anno di uscita: 2018,1060
70300626,1,4,Anno di uscita: 2013,1061
70300626,2,1,Anno di uscita: 2015,1062
70300626,3,4,Anno di uscita: 2015,1063
70300626,4,4,Anno di uscita: 2016,1064
70300626,5,4,Anno di uscita: 2016,1065
80113904,1,22,Anno di uscita: 2011,1066
80189898,1,8,Anno di uscita: 2019,1067
80043576,1,13,Release year: 2016,1068
80043576,2,13,Release year: 2016,1069
81023011,1,12,Anno di uscita: 2018,1070
81023011,2,6,Anno di uscita: 2019,1071
80189791,1,8,Anno di uscita: 2018,1072
81113742,1,6,Anno di uscita: 2022,1073
80198505,1,10,Anno di uscita: 2018,1074
80198505,2,10,Anno di uscita: 2019,1075
80198505,3,10,Anno di uscita: 2020,1076
80198505,4,10,Anno di uscita: 2021,1077
80195828,1,5,Release year: 2016,1078
80195828,2,5,Release year: 2018,1079
80195828,3,6,Release year: 2018,1080
80172145,1,8,Anno di uscita: 2018,1081
80172145,2,6,Anno di uscita: 2020,1082
80124723,1,8,Anno di uscita: 2019,1083
81040639,1,12,Anno di uscita: 2020,1084
81040639,2,7,Anno di uscita: 2020,1085
81075536,1,8,Anno di uscita: 2019,1086
81075536,2,8,Anno di uscita: 2020,1087
81075536,3,8,Anno di uscita: 2021,1088
81125115,1,5,Anno di uscita: 2020,1089
80146284,1,6,Anno di uscita: 2019,1090
80146284,2,6,Anno di uscita: 2018,1091
81078331,1,8,Anno di uscita: 2018,1092
80205593,1,8,Anno di uscita: 2018,1093
81059939,1,8,Anno di uscita: 2022,1094
80147919,1,10,Anno di uscita: 2018,1095
80147919,2,10,Anno di uscita: 2020,1096
80003196,1,26,Anno di uscita: 2008,1097
80003196,2,26,Anno di uscita: 2011,1098
80003196,3,13,Anno di uscita: 2017,1099
80120485,1,8,Anno di uscita: 2018,1100
80120485,2,8,Anno di uscita: 2019,1101
81354739,1,24,Anno di uscita: 2020,1102
81452916,1,35,Anno di uscita: 2021,1103
81092192,1,20,Anno di uscita: 2019,1104
80074503,1,8,Anno di uscita: 2015,1105
80074503,2,8,Anno di uscita: 2017,1106
80235932,1,10,Release year: 2019,1107
80235932,2,10,Release year: 2020,1108
81046613,1,8,Anno di uscita: 2021,1109
81159258,1,16,Release year: 2019,1110
80244340,1,10,Release year: 2021,1111
80244340,2,8,Release year: 2021,1112
80244340,3,6,Release year: 2022,1113
81267787,1,16,Release year: 2018,1114
81243992,1,16,Anno di uscita: 2020,1115
81243994,1,16,Anno di uscita: 2020,1116
80150290,1,25,Anno di uscita: 2015,1117
80150290,2,25,Anno di uscita: 2016,1118
80225020,1,10,Anno di uscita: 2017,1119
80225020,2,12,Anno di uscita: 2019,1120
81030224,1,12,Anno di uscita: 2020,1121
70308793,1,26,Anno di uscita: 2006,1122
81289013,1,16,Anno di uscita: 2020,1123
70294800,1,12,Release year: 2012,1124
81017316,1,7,Anno di uscita: 2021,1125
81017316,2,8,Anno di uscita: 2019,1126
70155579,1,26,Anno di uscita: 2009,1127
70155579,2,13,Anno di uscita: 2007,1128
70155579,3,13,Anno di uscita: 2006,1129
70155579,4,13,Anno di uscita: 2005,1130
81415945,1,16,Anno di uscita: 2021,1131
80220079,1,6,Anno di uscita: 2020,1132
80220715,1,6,Anno di uscita: 2019,1133
80222326,1,15,Anno di uscita: 2019,1134
70308188,1,24,Release year: 2008,1135
70308188,2,24,Release year: 2010,1136
81059942,1,6,Anno di uscita: 2020,1137
80207046,1,8,Anno di uscita: 2018,1138
80207046,2,6,Anno di uscita: 2020,1139
70244568,1,26,Release year: 2003,1140
70244568,2,26,Release year: 2005,1141
70244568,3,15,Release year: 2006,1142
70244568,4,30,Release year: 2007,1143
80992137,1,12,Anno di uscita: 2019,1144
80992137,2,12,Anno di uscita: 2019,1145
81026700,1,8,Anno di uscita: 2019,1146
81026700,2,8,Anno di uscita: 2019,1147
81047300,1,9,Anno di uscita: 2021,1148
81047300,2,9,Anno di uscita: 2021,1149
80995039,1,8,Anno di uscita: 2020,1150
80156387,1,13,Anno di uscita: 2017,1151
80156387,2,12,Anno di uscita: 2017,1152
80227995,1,5,Anno di uscita: 2015,1153
81289581,1,8,Anno di uscita: 2021,1154
81362748,1,16,Anno di uscita: 2021,1155
81362748,2,16,Anno di uscita: 2021,1156
81435684,1,9,Anno di uscita: 2021,1157
80176219,1,12,Anno di uscita: 2017,1158
81193313,1,16,Anno di uscita: 2019,1159
80104983,1,6,Anno di uscita: 2016,1160
80217066,1,8,Anno di uscita: 2019,1161
80095299,1,10,Anno di uscita: 2017,1162
80095299,2,10,Anno di uscita: 2017,1163
80095299,3,9,Anno di uscita: 2018,1164
80216908,1,12,Release year: 2018,1165
80216908,2,12,Release year: 2020,1166
80141782,1,4,Anno di uscita: 2020,1167
80141782,2,4,Anno di uscita: 2019,1168
80141782,3,4,Anno di uscita: 2018,1169
80141782,4,4,Anno di uscita: 2016,1170
81008021,1,12,Anno di uscita: 2020,1171
80244783,1,8,Anno di uscita: 2019,1172
80221207,1,13,Anno di uscita: 2018,1173
80101401,1,26,Anno di uscita: 2015,1174
80101401,2,13,Anno di uscita: 2017,1175
80101401,3,13,Anno di uscita: 2019,1176
80045820,1,24,Anno di uscita: 2015,1177
80045820,2,26,Anno di uscita: 2016,1178
80044965,1,13,Anno di uscita: 2016,1179
80044965,2,13,Anno di uscita: 2015,1180
80997339,1,12,Anno di uscita: 2018,1181
81243996,1,16,Release year: 2020,1182
80198950,1,10,Anno di uscita: 2019,1183
80170368,1,4,Anno di uscita: 2020,1184
80170368,2,8,Anno di uscita: 2018,1185
80994108,1,7,Anno di uscita: 2018,1186
81006858,1,10,Anno di uscita: 2020,1187
80073289,1,8,Anno di uscita: 2016,1188
70309056,1,46,Anno di uscita: 1998,1189
70309056,2,24,Anno di uscita: 1999,1190
80201728,1,9,Anno di uscita: 2020,1191
81278699,1,8,Anno di uscita: 2021,1192
81020518,1,3,Release year: 2019,1193
80040118,1,13,Anno di uscita: 2012,1194
81239671,1,12,Anno di uscita: 2021,1195
80063867,1,5,Anno di uscita: 2019,1196
80186848,1,6,Anno di uscita: 2017,1197
80186848,2,5,Anno di uscita: 2018,1198
80186848,3,2,Anno di uscita: 2019,1199
80186848,4,2,Anno di uscita: 2020,1200
80186848,5,3,Anno di uscita: 2021,1201
81249713,1,6,Anno di uscita: 2020,1202
80152350,1,6,Anno di uscita: 2017,1203
80152350,2,1,Anno di uscita: 2018,1204
80057883,1,6,Anno di uscita: 2019,1205
80057883,2,8,Anno di uscita: 2017,1206
80215997,1,8,Anno di uscita: 2020,1207
81122572,1,3,Anno di uscita: 2020,1208
81277835,1,8,Anno di uscita: 2020,1209
81034679,1,6,Anno di uscita: 2020,1210
80238106,1,5,Anno di uscita: 2019,1211
80238106,2,6,Anno di uscita: 2019,1212
80238106,3,9,Anno di uscita: 2020,1213
80183051,1,12,Anno di uscita: 2019,1214
80183051,2,12,Anno di uscita: 2020,1215
81010786,1,13,Anno di uscita: 2019,1216
81234353,1,12,Anno di uscita: 2020,1217
81256675,1,6,Anno di uscita: 2021,1218
80198545,1,8,Anno di uscita: 2017,1219
81035137,1,6,Anno di uscita: 2020,1220
81020513,1,3,Release year: 2019,1221
80241234,1,6,Anno di uscita: 2020,1222
80176893,1,18,Anno di uscita: 2017,1223
80176893,2,18,Anno di uscita: 2018,1224
80176893,3,20,Anno di uscita: 2019,1225
80176893,4,20,Anno di uscita: 2020,1226
80242491,1,7,Anno di uscita: 2019,1227
80223368,1,52,Anno di uscita: 2017,1228
80223556,1,8,Anno di uscita: 2018,1229
80223556,2,8,Anno di uscita: 2019,1230
80049065,1,4,Anno di uscita: 2015,1231
80211621,1,8,Anno di uscita: 2019,1232
80192734,1,9,Anno di uscita: 2018,1233
80192734,2,9,Anno di uscita: 2018,1234
80192734,3,8,Anno di uscita: 2018,1235
80244690,1,6,Anno di uscita: 2020,1236
81327503,1,10,Anno di uscita: 2021,1237
81054849,1,6,Anno di uscita: 2019,1238
81183493,1,7,Anno di uscita: 2020,1239
80194558,1,12,Anno di uscita: 2018,1240
80092878,1,17,Anno di uscita: 2016,1241
80092878,2,10,Anno di uscita: 2017,1242
81011059,1,26,Anno di uscita: 2021,1243
81011059,2,12,Anno di uscita: 2019,1244
81011059,3,8,Anno di uscita: 2018,1245
81011059,4,32,Anno di uscita: 2014,1246
81177545,1,16,Anno di uscita: 2019,1247
81026300,1,10,Anno di uscita: 2020,1248
81039557,1,10,Anno di uscita: 2021,1249
80161702,1,7,Anno di uscita: 2017,1250
80161702,2,4,Anno di uscita: 2019,1251
80156688,1,8,Anno di uscita: 2018,1252
81033727,1,8,Anno di uscita: 2019,1253
80049870,1,13,Anno di uscita: 2017,1254
80049870,2,13,Anno di uscita: 2017,1255
80049870,3,13,Anno di uscita: 2016,1256
80049870,4,13,Anno di uscita: 2015,1257
80189648,1,10,Anno di uscita: 2019,1258
80987064,1,4,Anno di uscita: 2018,1259
81227121,1,8,Anno di uscita: 2020,1260
80213643,1,10,Anno di uscita: 2019,1261
80213643,2,10,Anno di uscita: 2019,1262
80213643,3,6,Anno di uscita: 2022,1263
81020523,1,3,Anno di uscita: 2019,1264
80201328,1,6,Anno di uscita: 2020,1265
80201328,2,6,Anno di uscita: 2019,1266
80201328,3,8,Anno di uscita: 2018,1267
81088239,1,6,Anno di uscita: 2020,1268
81088239,2,6,Anno di uscita: 2021,1269
81154956,1,18,Anno di uscita: 2020,1270
81277880,1,4,Anno di uscita: 2020,1271
80124711,1,6,Anno di uscita: 2019,1272
80124711,2,6,Anno di uscita: 2018,1273
80124711,3,10,Anno di uscita: 2017,1274
80999455,1,8,Anno di uscita: 2019,1275
80195357,1,12,Anno di uscita: 2018,1276
81050786,1,8,Anno di uscita: 2021,1277
80196883,1,13,Anno di uscita: 2019,1278
80103318,1,13,Anno di uscita: 2016,1279
80103318,2,13,Anno di uscita: 2016,1280
80996957,1,10,Anno di uscita: 2018,1281
80211884,1,10,Anno di uscita: 2018,1282
80175934,1,15,Anno di uscita: 2019,1283
80175934,2,16,Anno di uscita: 2019,1284
80175934,3,28,Anno di uscita: 2019,1285
80131479,1,8,Anno di uscita: 2016,1286
80131479,2,8,Anno di uscita: 2017,1287
80131479,3,8,Anno di uscita: 2017,1288
80131479,4,12,Anno di uscita: 2017,1289
81098012,1,8,Anno di uscita: 2021,1290
80992997,1,4,Anno di uscita: 2020,1291
80992997,2,4,Anno di uscita: 2020,1292
80237347,1,18,Anno di uscita: 2021,1293
80237347,2,17,Anno di uscita: 2021,1294
80237347,3,7,Anno di uscita: 2021,1295
80237347,4,7,Anno di uscita: 2020,1296
80237347,5,7,Anno di uscita: 2020,1297
80237347,6,7,Anno di uscita: 2020,1298
80185145,1,10,Anno di uscita: 2018,1299
80185145,2,3,Anno di uscita: 2018,1300
80244565,1,8,Anno di uscita: 2020,1301
81019391,1,6,Anno di uscita: 2019,1302
80039972,1,25,Anno di uscita: 2011,1303
80039972,2,13,Anno di uscita: 2022,1304
80049903,1,10,Anno di uscita: 2015,1305
80049903,2,13,Anno di uscita: 2016,1306
80049903,3,16,Anno di uscita: 2016,1307
80049903,4,7,Anno di uscita: 2017,1308
80049903,5,6,Anno di uscita: 2017,1309
81397437,1,2,Anno di uscita: 2020,1310
81256675,1,6,Anno di uscita: 2021,1311
81122196,1,6,Anno di uscita: 2020,1312
80218634,1,5,Anno di uscita: 2018,1313
80178726,1,4,Anno di uscita: 2019,1314
80178726,2,4,Anno di uscita: 2018,1315
80178726,3,4,Anno di uscita: 2017,1316
81002001,1,5,Anno di uscita: 2020,1317
81002001,2,5,Anno di uscita: 2021,1318
80217627,1,8,Anno di uscita: 2018,1319
81002465,1,5,Anno di uscita: 2021,1320
81292974,1,4,Anno di uscita: 2020,1321
80216665,1,10,Anno di uscita: 2019,1322
81013210,1,5,Anno di uscita: 2020,1323
80215155,1,16,Anno di uscita: 2021,1324
80215155,2,9,Anno di uscita: 2021,1325
80215155,3,8,Anno di uscita: 2020,1326
80215155,4,8,Anno di uscita: 2020,1327
80204451,1,13,Anno di uscita: 2018,1328
80204451,2,13,Anno di uscita: 2018,1329
80204451,3,13,Anno di uscita: 2020,1330
70286809,1,78,Anno di uscita: 2019,1331
70286809,2,26,Anno di uscita: 2016,1332
80214405,1,20,Anno di uscita: 2017,1333
80050007,1,13,Anno di uscita: 2015,1334
80050007,2,13,Anno di uscita: 2016,1335
80050007,3,13,Anno di uscita: 2016,1336
80050007,4,13,Anno di uscita: 2017,1337
81147853,1,10,Anno di uscita: 2021,1338
81005504,1,49,Anno di uscita: 2018,1339
80112916,1,10,Anno di uscita: 2018,1340
80187722,1,5,Anno di uscita: 2018,1341
80005772,1,26,Anno di uscita: 2018,1342
81003033,1,10,Anno di uscita: 2019,1343
80057968,1,20,Anno di uscita: 2015,1344
80057968,2,20,Anno di uscita: 2016,1345
80210294,1,25,Anno di uscita: 2019,1346
70299043,1,25,Anno di uscita: 2013,1347
70299043,2,12,Anno di uscita: 2017,1348
70299043,3,12,Anno di uscita: 2018,1349
70299043,4,10,Anno di uscita: 2019,1350
70299043,5,16,Anno di uscita: 2020,1351
70271773,1,26,Anno di uscita: 2013,1352
70271773,2,13,Anno di uscita: 2015,1353
70271773,3,13,Anno di uscita: 2016,1354
80057611,1,26,Anno di uscita: 2018,1355
80057611,2,13,Anno di uscita: 2016,1356
80057611,3,13,Anno di uscita: 2016,1357
80242950,1,12,Anno di uscita: 2018,1358
81081459,1,26,Anno di uscita: 2020,1359
81081459,2,26,Anno di uscita: 2020,1360
81081459,3,26,Anno di uscita: 2018,1361
81081459,4,26,Anno di uscita: 2018,1362
81003682,1,13,Anno di uscita: 2021,1363
81003682,2,13,Anno di uscita: 2020,1364
81196539,1,26,Anno di uscita: 2018,1365
81196539,2,13,Anno di uscita: 2020,1366
80023612,1,13,Anno di uscita: 2016,1367
80023612,2,10,Anno di uscita: 2018,1368
81044719,1,12,Anno di uscita: 2020,1369
80991329,1,13,Anno di uscita: 2018,1370
80991329,2,13,Anno di uscita: 2019,1371
81082781,1,30,Anno di uscita: 2019,1372
80214339,1,8,Anno di uscita: 2020,1373
80144408,1,26,Anno di uscita: 2016,1374
80144408,2,26,Anno di uscita: 2017,1375
80144408,3,26,Anno di uscita: 2018,1376
80217315,1,6,Anno di uscita: 2019,1377
80217315,2,6,Anno di uscita: 2021,1378
81064730,1,8,Anno di uscita: 2016,1379
81064730,2,8,Anno di uscita: 2017,1380
81226180,1,8,Anno di uscita: 2021,1381
81161673,1,6,Anno di uscita: 2020,1382
80993625,1,16,Anno di uscita: 2018,1383
80209651,1,7,Anno di uscita: 2020,1384
81173658,1,5,Anno di uscita: 2021,1385
80057506,1,8,Anno di uscita: 2017,1386
80057506,2,5,Anno di uscita: 2018,1387
81018057,1,6,Anno di uscita: 2020,1388
80007778,1,13,Anno di uscita: 2016,1389
80244996,1,9,Anno di uscita: 2019,1390
81011682,1,6,Anno di uscita: 2018,1391
80134440,1,26,Anno di uscita: 2019,1392
80134440,2,25,Anno di uscita: 2018,1393
80161848,1,12,Anno di uscita: 2018,1394
81095953,1,8,Anno di uscita: 2020,1395
81106517,1,8,Anno di uscita:,1396
80041601,1,6,Anno di uscita: 2014,1397
80041601,2,8,Anno di uscita: 2016,1398
80041601,3,8,Anno di uscita: 2018,1399
80200027,1,15,Anno di uscita: 2018,1400
80200027,2,9,Anno di uscita: 2019,1401
80221272,1,13,Anno di uscita: 2018,1402
80221272,2,13,Anno di uscita: 2018,1403
81077065,1,12,Anno di uscita: 2019,1404
81077065,2,7,Anno di uscita: 2019,1405
80173174,1,7,Anno di uscita: 2018,1406
80173174,2,7,Anno di uscita: 2019,1407
81034661,1,6,Anno di uscita: 2021,1408
80174902,1,6,Anno di uscita: 2018,1409
80174902,2,7,Anno di uscita: 2017,1410
80174902,3,6,Anno di uscita: 2014,1411
81073977,1,10,Anno di uscita: 2021,1412
80992787,1,12,Anno di uscita: 2018,1413
81329144,1,8,Anno di uscita: 2020,1414
80216124,1,10,Anno di uscita: 2018,1415
80000139,1,26,Anno di uscita: 2013,1416
80000139,2,26,Anno di uscita: 2014,1417
81079322,1,15,Anno di uscita: 2019,1418
80095988,1,13,Anno di uscita: 2017,1419
80095988,2,10,Anno di uscita: 2018,1420
80992673,1,10,Anno di uscita: 2021,1421
80992673,2,8,Anno di uscita: 2021,1422
80233221,1,9,Anno di uscita: 2020,1423
80198306,1,8,Anno di uscita: 2019,1424
81249660,1,6,Anno di uscita: 2020,1425
80057281,1,8,Anno di uscita: 2016,1426
80057281,2,9,Anno di uscita: 2017,1427
80057281,3,8,Anno di uscita: 2019,1428
81122682,1,6,Anno di uscita: 2021,1429
81035566,1,8,Anno di uscita: 2020,1430
80213322,1,8,Anno di uscita: 2019,1431
80211229,1,52,Anno di uscita: 2018,1432
81036255,1,6,Anno di uscita: 2020,1433
81203251,1,6,Anno di uscita: 2019,1434
80049872,1,30,Anno di uscita: 2017,1435
80049872,2,24,Anno di uscita: 2016,1436
80224294,1,13,Anno di uscita: 2018,1437
80241474,1,11,Anno di uscita: 2019,1438
81161575,1,16,Anno di uscita: 2022,1439
81033141,1,4,Anno di uscita: 2022,1440
81033141,2,4,Anno di uscita: 2021,1441
81033141,3,4,Anno di uscita: 2021,1442
81033141,4,8,Anno di uscita: 2021,1443
81033141,5,8,Anno di uscita: 2021,1444
81033141,6,10,Anno di uscita: 2020,1445
80091245,1,10,Anno di uscita: 2016,1446
81002391,1,4,Anno di uscita: 2019,1447
81159258,1,16,Anno di uscita: 2019,1448
80117748,1,6,Anno di uscita: 2018,1449
80117748,2,6,Anno di uscita: 2017,1450
80117748,3,13,Anno di uscita: 2017,1451
81270678,1,20,Anno di uscita: 1998,1452
81270678,2,20,Anno di uscita: 1999,1453
81270678,3,20,Anno di uscita: 2000,1454
81270678,4,11,Anno di uscita: 2002,1455
81005127,1,6,Anno di uscita: 2020,1456
81173113,1,8,Anno di uscita: 2022,1457
80081170,1,12,Anno di uscita: 2017,1458
80992788,1,12,Anno di uscita: 2020,1459
